Time,Magnitude_Projections
800,-0.5808462435938078
6000,6.28294339612062
