Time,Magnitude_Projections
0,-0.9645043975212658
400,3.5286899054942977
800,7.0056980029682165
800,0.9072820617990184
12400,0.8089308387830154
14800,0.7208113238660178
