Time,Magnitude_Projections
1200,5.222738012537848
2000,-2.3308405723720393
2000,2.938124080907995
2400,-2.7545001860822906
3600,-1.6257196887553937
12000,2.174248328391444
12800,-6.657826027041241
18800,1.4341941350786962
