Time,Magnitude_Projections
1200,-5.250509522523962
1600,-0.18000817368112113
1600,0.7585615202128025
5600,0.27706329953841147
6000,1.5838977300085082
6400,-0.7655045935380678
13200,1.6992789938376507
