Time,Magnitude_Projections
2800,1.9393491162391974
3200,-0.5013772088109234
3600,1.5280536916111385
5200,2.3903791987174086
13600,-3.1507708266618457
